0,hello there how are you!
1,hello there how are you!
2,hello there how are you!
3,hello there how are you!
4,hello there how are you!
5,hello there how are you!
6,hello there how are you!
7,hello there how are you!
8,hello there how are you!
9,hello there how are you!
10,hello there how are you!
11,hello there how are you!
12,hello there how are you!
13,hello there how are you!
14,hello there how are you!
15,hello there how are you!
16,hello there how are you!
17,hello there how are you!
18,hello there how are you!
19,hello there how are you!
20,hello there how are you!
21,hello there how are you!
22,hello there how are you!
23,hello there how are you!
24,hello there how are you!
25,hello there how are you!
26,hello there how are you!
27,hello there how are you!
28,hello there how are you!
29,hello there how are you!
30,hello there how are you!
31,hello there how are you!
32,hello there how are you!
33,hello there how are you!
34,hello there how are you!
35,hello there how are you!
36,hello there how are you!
37,hello there how are you!
38,hello there how are you!
39,hello there how are you!
40,hello there how are you!
41,hello there how are you!
42,hello there how are you!
43,hello there how are you!
44,hello there how are you!
45,hello there how are you!
46,hello there how are you!
47,hello there how are you!
48,hello there how are you!
49,hello there how are you!
50,hello there how are you!
51,hello there how are you!
52,hello there how are you!
53,hello there how are you!
54,hello there how are you!
55,hello there how are you!
56,hello there how are you!
57,hello there how are you!
58,hello there how are you!
59,hello there how are you!
60,hello there how are you!
61,hello there how are you!
62,hello there how are you!
63,hello there how are you!
64,hello there how are you!
65,hello there how are you!
66,hello there how are you!
67,hello there how are you!
68,hello there how are you!
69,hello there how are you!
70,hello there how are you!
71,hello there how are you!
72,hello there how are you!
73,hello there how are you!
74,hello there how are you!
75,hello there how are you!
76,hello there how are you!
77,hello there how are you!
78,hello there how are you!
79,hello there how are you!
80,hello there how are you!
81,hello there how are you!
82,hello there how are you!
83,hello there how are you!
84,hello there how are you!
85,hello there how are you!
86,hello there how are you!
87,hello there how are you!
88,hello there how are you!
89,hello there how are you!
90,hello there how are you!
91,hello there how are you!
92,hello there how are you!
93,hello there how are you!
94,hello there how are you!
95,hello there how are you!
96,hello there how are you!
97,hello there how are you!
98,hello there how are you!
99,hello there how are you!
100,hello there how are you!
101,hello there how are you!
102,hello there how are you!
103,hello there how are you!
104,hello there how are you!
105,hello there how are you!
106,hello there how are you!
107,hello there how are you!
108,hello there how are you!
109,hello there how are you!
110,hello there how are you!
111,hello there how are you!
112,hello there how are you!
113,hello there how are you!
114,hello there how are you!
115,hello there how are you!
116,hello there how are you!
117,hello there how are you!
118,hello there how are you!
119,hello there how are you!
120,hello there how are you!
121,hello there how are you!
122,hello there how are you!
123,hello there how are you!
124,hello there how are you!
125,hello there how are you!
126,hello there how are you!
127,hello there how are you!
128,hello there how are you!
129,hello there how are you!
130,hello there how are you!
131,hello there how are you!
132,hello there how are you!
133,hello there how are you!
134,hello there how are you!
135,hello there how are you!
136,hello there how are you!
137,hello there how are you!
138,hello there how are you!
139,hello there how are you!
140,hello there how are you!
141,hello there how are you!
142,hello there how are you!
143,hello there how are you!
144,hello there how are you!
145,hello there how are you!
146,hello there how are you!
147,hello there how are you!
148,hello there how are you!
149,hello there how are you!
150,hello there how are you!
151,hello there how are you!
152,hello there how are you!
153,hello there how are you!
154,hello there how are you!
155,hello there how are you!
156,hello there how are you!
157,hello there how are you!
158,hello there how are you!
159,hello there how are you!
160,hello there how are you!
161,hello there how are you!
162,hello there how are you!
163,hello there how are you!
164,hello there how are you!
165,hello there how are you!
166,hello there how are you!
167,hello there how are you!
168,hello there how are you!
169,hello there how are you!
170,hello there how are you!
171,hello there how are you!
172,hello there how are you!
173,hello there how are you!
174,hello there how are you!
175,hello there how are you!
176,hello there how are you!
177,hello there how are you!
178,hello there how are you!
179,hello there how are you!
180,hello there how are you!
181,hello there how are you!
182,hello there how are you!
183,hello there how are you!
184,hello there how are you!
185,hello there how are you!
186,hello there how are you!
187,hello there how are you!
188,hello there how are you!
189,hello there how are you!
190,hello there how are you!
191,hello there how are you!
192,hello there how are you!
193,hello there how are you!
194,hello there how are you!
195,hello there how are you!
196,hello there how are you!
197,hello there how are you!
198,hello there how are you!
199,hello there how are you!
200,hello there how are you!
201,hello there how are you!
202,hello there how are you!
203,hello there how are you!
204,hello there how are you!
205,hello there how are you!
206,hello there how are you!
207,hello there how are you!
208,hello there how are you!
209,hello there how are you!
210,hello there how are you!
211,hello there how are you!
212,hello there how are you!
213,hello there how are you!
214,hello there how are you!
215,hello there how are you!
216,hello there how are you!
217,hello there how are you!
218,hello there how are you!
219,hello there how are you!
220,hello there how are you!
221,hello there how are you!
222,hello there how are you!
223,hello there how are you!
224,hello there how are you!
225,hello there how are you!
226,hello there how are you!
227,hello there how are you!
228,hello there how are you!
229,hello there how are you!
230,hello there how are you!
231,hello there how are you!
232,hello there how are you!
233,hello there how are you!
234,hello there how are you!
235,hello there how are you!
236,hello there how are you!
237,hello there how are you!
238,hello there how are you!
239,hello there how are you!
240,hello there how are you!
241,hello there how are you!
242,hello there how are you!
243,hello there how are you!
244,hello there how are you!
245,hello there how are you!
246,hello there how are you!
247,hello there how are you!
248,hello there how are you!
249,hello there how are you!
250,hello there how are you!
251,hello there how are you!
252,hello there how are you!
253,hello there how are you!
254,hello there how are you!
255,hello there how are you!
256,hello there how are you!
257,hello there how are you!
258,hello there how are you!
259,hello there how are you!
260,hello there how are you!
261,hello there how are you!
262,hello there how are you!
263,hello there how are you!
264,hello there how are you!
265,hello there how are you!
266,hello there how are you!
267,hello there how are you!
268,hello there how are you!
269,hello there how are you!
270,hello there how are you!
271,hello there how are you!
272,hello there how are you!
273,hello there how are you!
274,hello there how are you!
275,hello there how are you!
276,hello there how are you!
277,hello there how are you!
278,hello there how are you!
279,hello there how are you!
280,hello there how are you!
281,hello there how are you!
282,hello there how are you!
283,hello there how are you!
284,hello there how are you!
285,hello there how are you!
286,hello there how are you!
287,hello there how are you!
288,hello there how are you!
289,hello there how are you!
290,hello there how are you!
291,hello there how are you!
292,hello there how are you!
293,hello there how are you!
294,hello there how are you!
295,hello there how are you!
296,hello there how are you!
297,hello there how are you!
298,hello there how are you!
299,hello there how are you!
300,hello there how are you!
301,hello there how are you!
302,hello there how are you!
303,hello there how are you!
304,hello there how are you!
305,hello there how are you!
306,hello there how are you!
307,hello there how are you!
308,hello there how are you!
309,hello there how are you!
310,hello there how are you!
311,hello there how are you!
312,hello there how are you!
313,hello there how are you!
314,hello there how are you!
315,hello there how are you!
316,hello there how are you!
317,hello there how are you!
318,hello there how are you!
319,hello there how are you!
320,hello there how are you!
321,hello there how are you!
322,hello there how are you!
323,hello there how are you!
324,hello there how are you!
325,hello there how are you!
326,hello there how are you!
327,hello there how are you!
328,hello there how are you!
329,hello there how are you!
330,hello there how are you!
331,hello there how are you!
332,hello there how are you!
333,hello there how are you!
334,hello there how are you!
335,hello there how are you!
336,hello there how are you!
337,hello there how are you!
338,hello there how are you!
339,hello there how are you!
340,hello there how are you!
341,hello there how are you!
342,hello there how are you!
343,hello there how are you!
344,hello there how are you!
345,hello there how are you!
346,hello there how are you!
347,hello there how are you!
348,hello there how are you!
349,hello there how are you!
350,hello there how are you!
351,hello there how are you!
352,hello there how are you!
353,hello there how are you!
354,hello there how are you!
355,hello there how are you!
356,hello there how are you!
357,hello there how are you!
358,hello there how are you!
359,hello there how are you!
360,hello there how are you!
361,hello there how are you!
362,hello there how are you!
363,hello there how are you!
364,hello there how are you!
365,hello there how are you!
366,hello there how are you!
367,hello there how are you!
368,hello there how are you!
369,hello there how are you!
370,hello there how are you!
371,hello there how are you!
372,hello there how are you!
373,hello there how are you!
374,hello there how are you!
375,hello there how are you!
376,hello there how are you!
377,hello there how are you!
378,hello there how are you!
379,hello there how are you!
380,hello there how are you!
381,hello there how are you!
382,hello there how are you!
383,hello there how are you!
384,hello there how are you!
385,hello there how are you!
386,hello there how are you!
387,hello there how are you!
388,hello there how are you!
389,hello there how are you!
390,hello there how are you!
391,hello there how are you!
392,hello there how are you!
393,hello there how are you!
394,hello there how are you!
395,hello there how are you!
396,hello there how are you!
397,hello there how are you!
398,hello there how are you!
399,hello there how are you!
400,hello there how are you!
401,hello there how are you!
402,hello there how are you!
403,hello there how are you!
404,hello there how are you!
405,hello there how are you!
406,hello there how are you!
407,hello there how are you!
408,hello there how are you!
409,hello there how are you!
410,hello there how are you!
411,hello there how are you!
412,hello there how are you!
413,hello there how are you!
414,hello there how are you!
415,hello there how are you!
416,hello there how are you!
417,hello there how are you!
418,hello there how are you!
419,hello there how are you!
420,hello there how are you!
421,hello there how are you!
422,hello there how are you!
423,hello there how are you!
424,hello there how are you!
425,hello there how are you!
426,hello there how are you!
427,hello there how are you!
428,hello there how are you!
429,hello there how are you!
430,hello there how are you!
431,hello there how are you!
432,hello there how are you!
433,hello there how are you!
434,hello there how are you!
435,hello there how are you!
436,hello there how are you!
437,hello there how are you!
438,hello there how are you!
439,hello there how are you!
440,hello there how are you!
441,hello there how are you!
442,hello there how are you!
443,hello there how are you!
444,hello there how are you!
445,hello there how are you!
446,hello there how are you!
447,hello there how are you!
448,hello there how are you!
449,hello there how are you!
450,hello there how are you!
451,hello there how are you!
452,hello there how are you!
453,hello there how are you!
454,hello there how are you!
455,hello there how are you!
456,hello there how are you!
457,hello there how are you!
458,hello there how are you!
459,hello there how are you!
460,hello there how are you!
461,hello there how are you!
462,hello there how are you!
463,hello there how are you!
464,hello there how are you!
465,hello there how are you!
466,hello there how are you!
467,hello there how are you!
468,hello there how are you!
469,hello there how are you!
470,hello there how are you!
471,hello there how are you!
472,hello there how are you!
473,hello there how are you!
474,hello there how are you!
475,hello there how are you!
476,hello there how are you!
477,hello there how are you!
478,hello there how are you!
479,hello there how are you!
480,hello there how are you!
481,hello there how are you!
482,hello there how are you!
483,hello there how are you!
484,hello there how are you!
485,hello there how are you!
486,hello there how are you!
487,hello there how are you!
488,hello there how are you!
489,hello there how are you!
490,hello there how are you!
491,hello there how are you!
492,hello there how are you!
493,hello there how are you!
494,hello there how are you!
495,hello there how are you!
496,hello there how are you!
497,hello there how are you!
498,hello there how are you!
499,hello there how are you!
500,hello there how are you!
501,hello there how are you!
502,hello there how are you!
503,hello there how are you!
504,hello there how are you!
505,hello there how are you!
506,hello there how are you!
507,hello there how are you!
508,hello there how are you!
509,hello there how are you!
510,hello there how are you!
511,hello there how are you!
512,hello there how are you!
513,hello there how are you!
514,hello there how are you!
515,hello there how are you!
516,hello there how are you!
517,hello there how are you!
518,hello there how are you!
519,hello there how are you!
520,hello there how are you!
521,hello there how are you!
522,hello there how are you!
523,hello there how are you!
524,hello there how are you!
525,hello there how are you!
526,hello there how are you!
527,hello there how are you!
528,hello there how are you!
529,hello there how are you!
530,hello there how are you!
531,hello there how are you!
532,hello there how are you!
533,hello there how are you!
534,hello there how are you!
535,hello there how are you!
536,hello there how are you!
537,hello there how are you!
538,hello there how are you!
539,hello there how are you!
540,hello there how are you!
541,hello there how are you!
542,hello there how are you!
543,hello there how are you!
544,hello there how are you!
545,hello there how are you!
546,hello there how are you!
547,hello there how are you!
548,hello there how are you!
549,hello there how are you!
550,hello there how are you!
551,hello there how are you!
552,hello there how are you!
553,hello there how are you!
554,hello there how are you!
555,hello there how are you!
556,hello there how are you!
557,hello there how are you!
558,hello there how are you!
559,hello there how are you!
560,hello there how are you!
561,hello there how are you!
562,hello there how are you!
563,hello there how are you!
564,hello there how are you!
565,hello there how are you!
566,hello there how are you!
567,hello there how are you!
568,hello there how are you!
569,hello there how are you!
570,hello there how are you!
571,hello there how are you!
572,hello there how are you!
573,hello there how are you!
574,hello there how are you!
575,hello there how are you!
576,hello there how are you!
577,hello there how are you!
578,hello there how are you!
579,hello there how are you!
580,hello there how are you!
581,hello there how are you!
582,hello there how are you!
583,hello there how are you!
584,hello there how are you!
585,hello there how are you!
586,hello there how are you!
587,hello there how are you!
588,hello there how are you!
589,hello there how are you!
590,hello there how are you!
591,hello there how are you!
592,hello there how are you!
593,hello there how are you!
594,hello there how are you!
595,hello there how are you!
596,hello there how are you!
597,hello there how are you!
598,hello there how are you!
599,hello there how are you!
600,hello there how are you!
601,hello there how are you!
602,hello there how are you!
603,hello there how are you!
604,hello there how are you!
605,hello there how are you!
606,hello there how are you!
607,hello there how are you!
608,hello there how are you!
609,hello there how are you!
610,hello there how are you!
611,hello there how are you!
612,hello there how are you!
613,hello there how are you!
614,hello there how are you!
615,hello there how are you!
616,hello there how are you!
617,hello there how are you!
618,hello there how are you!
619,hello there how are you!
620,hello there how are you!
621,hello there how are you!
622,hello there how are you!
623,hello there how are you!
624,hello there how are you!
625,hello there how are you!
626,hello there how are you!
627,hello there how are you!
628,hello there how are you!
629,hello there how are you!
630,hello there how are you!
631,hello there how are you!
632,hello there how are you!
633,hello there how are you!
634,hello there how are you!
635,hello there how are you!
636,hello there how are you!
637,hello there how are you!
638,hello there how are you!
639,hello there how are you!
640,hello there how are you!
641,hello there how are you!
642,hello there how are you!
643,hello there how are you!
644,hello there how are you!
645,hello there how are you!
646,hello there how are you!
647,hello there how are you!
648,hello there how are you!
649,hello there how are you!
650,hello there how are you!
651,hello there how are you!
652,hello there how are you!
653,hello there how are you!
654,hello there how are you!
655,hello there how are you!
656,hello there how are you!
657,hello there how are you!
658,hello there how are you!
659,hello there how are you!
660,hello there how are you!
661,hello there how are you!
662,hello there how are you!
663,hello there how are you!
664,hello there how are you!
665,hello there how are you!
666,hello there how are you!
667,hello there how are you!
668,hello there how are you!
669,hello there how are you!
670,hello there how are you!
671,hello there how are you!
672,hello there how are you!
673,hello there how are you!
674,hello there how are you!
675,hello there how are you!
676,hello there how are you!
677,hello there how are you!
678,hello there how are you!
679,hello there how are you!
680,hello there how are you!
681,hello there how are you!
682,hello there how are you!
683,hello there how are you!
684,hello there how are you!
685,hello there how are you!
686,hello there how are you!
687,hello there how are you!
688,hello there how are you!
689,hello there how are you!
690,hello there how are you!
691,hello there how are you!
692,hello there how are you!
693,hello there how are you!
694,hello there how are you!
695,hello there how are you!
696,hello there how are you!
697,hello there how are you!
698,hello there how are you!
699,hello there how are you!
700,hello there how are you!
701,hello there how are you!
702,hello there how are you!
703,hello there how are you!
704,hello there how are you!
705,hello there how are you!
706,hello there how are you!
707,hello there how are you!
708,hello there how are you!
709,hello there how are you!
710,hello there how are you!
711,hello there how are you!
712,hello there how are you!
713,hello there how are you!
714,hello there how are you!
715,hello there how are you!
716,hello there how are you!
717,hello there how are you!
718,hello there how are you!
719,hello there how are you!
720,hello there how are you!
721,hello there how are you!
722,hello there how are you!
723,hello there how are you!
724,hello there how are you!
725,hello there how are you!
726,hello there how are you!
727,hello there how are you!
728,hello there how are you!
729,hello there how are you!
730,hello there how are you!
731,hello there how are you!
732,hello there how are you!
733,hello there how are you!
734,hello there how are you!
735,hello there how are you!
736,hello there how are you!
737,hello there how are you!
738,hello there how are you!
739,hello there how are you!
740,hello there how are you!
741,hello there how are you!
742,hello there how are you!
743,hello there how are you!
744,hello there how are you!
745,hello there how are you!
746,hello there how are you!
747,hello there how are you!
748,hello there how are you!
749,hello there how are you!
750,hello there how are you!
751,hello there how are you!
752,hello there how are you!
753,hello there how are you!
754,hello there how are you!
755,hello there how are you!
756,hello there how are you!
757,hello there how are you!
758,hello there how are you!
759,hello there how are you!
760,hello there how are you!
761,hello there how are you!
762,hello there how are you!
763,hello there how are you!
764,hello there how are you!
765,hello there how are you!
766,hello there how are you!
767,hello there how are you!
768,hello there how are you!
769,hello there how are you!
770,hello there how are you!
771,hello there how are you!
772,hello there how are you!
773,hello there how are you!
774,hello there how are you!
775,hello there how are you!
776,hello there how are you!
777,hello there how are you!
778,hello there how are you!
779,hello there how are you!
780,hello there how are you!
781,hello there how are you!
782,hello there how are you!
783,hello there how are you!
784,hello there how are you!
785,hello there how are you!
786,hello there how are you!
787,hello there how are you!
788,hello there how are you!
789,hello there how are you!
790,hello there how are you!
791,hello there how are you!
792,hello there how are you!
793,hello there how are you!
794,hello there how are you!
795,hello there how are you!
796,hello there how are you!
797,hello there how are you!
798,hello there how are you!
799,hello there how are you!
800,hello there how are you!
801,hello there how are you!
802,hello there how are you!
803,hello there how are you!
804,hello there how are you!
805,hello there how are you!
806,hello there how are you!
807,hello there how are you!
808,hello there how are you!
809,hello there how are you!
810,hello there how are you!
811,hello there how are you!
812,hello there how are you!
813,hello there how are you!
814,hello there how are you!
815,hello there how are you!
816,hello there how are you!
817,hello there how are you!
818,hello there how are you!
819,hello there how are you!
820,hello there how are you!
821,hello there how are you!
822,hello there how are you!
823,hello there how are you!
824,hello there how are you!
825,hello there how are you!
826,hello there how are you!
827,hello there how are you!
828,hello there how are you!
829,hello there how are you!
830,hello there how are you!
831,hello there how are you!
832,hello there how are you!
833,hello there how are you!
834,hello there how are you!
835,hello there how are you!
836,hello there how are you!
837,hello there how are you!
838,hello there how are you!
839,hello there how are you!
840,hello there how are you!
841,hello there how are you!
842,hello there how are you!
843,hello there how are you!
844,hello there how are you!
845,hello there how are you!
846,hello there how are you!
847,hello there how are you!
848,hello there how are you!
849,hello there how are you!
850,hello there how are you!
851,hello there how are you!
852,hello there how are you!
853,hello there how are you!
854,hello there how are you!
855,hello there how are you!
856,hello there how are you!
857,hello there how are you!
858,hello there how are you!
859,hello there how are you!
860,hello there how are you!
861,hello there how are you!
862,hello there how are you!
863,hello there how are you!
864,hello there how are you!
865,hello there how are you!
866,hello there how are you!
867,hello there how are you!
868,hello there how are you!
869,hello there how are you!
870,hello there how are you!
871,hello there how are you!
872,hello there how are you!
873,hello there how are you!
874,hello there how are you!
875,hello there how are you!
876,hello there how are you!
877,hello there how are you!
878,hello there how are you!
879,hello there how are you!
880,hello there how are you!
881,hello there how are you!
882,hello there how are you!
883,hello there how are you!
884,hello there how are you!
885,hello there how are you!
886,hello there how are you!
887,hello there how are you!
888,hello there how are you!
889,hello there how are you!
890,hello there how are you!
891,hello there how are you!
892,hello there how are you!
893,hello there how are you!
894,hello there how are you!
895,hello there how are you!
896,hello there how are you!
897,hello there how are you!
898,hello there how are you!
899,hello there how are you!
900,hello there how are you!
901,hello there how are you!
902,hello there how are you!
903,hello there how are you!
904,hello there how are you!
905,hello there how are you!
906,hello there how are you!
907,hello there how are you!
908,hello there how are you!
909,hello there how are you!
910,hello there how are you!
911,hello there how are you!
912,hello there how are you!
913,hello there how are you!
914,hello there how are you!
915,hello there how are you!
916,hello there how are you!
917,hello there how are you!
918,hello there how are you!
919,hello there how are you!
920,hello there how are you!
921,hello there how are you!
922,hello there how are you!
923,hello there how are you!
924,hello there how are you!
925,hello there how are you!
926,hello there how are you!
927,hello there how are you!
928,hello there how are you!
929,hello there how are you!
930,hello there how are you!
931,hello there how are you!
932,hello there how are you!
933,hello there how are you!
934,hello there how are you!
935,hello there how are you!
936,hello there how are you!
937,hello there how are you!
938,hello there how are you!
939,hello there how are you!
940,hello there how are you!
941,hello there how are you!
942,hello there how are you!
943,hello there how are you!
944,hello there how are you!
945,hello there how are you!
946,hello there how are you!
947,hello there how are you!
948,hello there how are you!
949,hello there how are you!
950,hello there how are you!
951,hello there how are you!
952,hello there how are you!
953,hello there how are you!
954,hello there how are you!
955,hello there how are you!
956,hello there how are you!
957,hello there how are you!
958,hello there how are you!
959,hello there how are you!
960,hello there how are you!
961,hello there how are you!
962,hello there how are you!
963,hello there how are you!
964,hello there how are you!
965,hello there how are you!
966,hello there how are you!
967,hello there how are you!
968,hello there how are you!
969,hello there how are you!
970,hello there how are you!
971,hello there how are you!
972,hello there how are you!
973,hello there how are you!
974,hello there how are you!
975,hello there how are you!
976,hello there how are you!
977,hello there how are you!
978,hello there how are you!
979,hello there how are you!
980,hello there how are you!
981,hello there how are you!
982,hello there how are you!
983,hello there how are you!
984,hello there how are you!
985,hello there how are you!
986,hello there how are you!
987,hello there how are you!
988,hello there how are you!
989,hello there how are you!
990,hello there how are you!
991,hello there how are you!
992,hello there how are you!
993,hello there how are you!
994,hello there how are you!
995,hello there how are you!
996,hello there how are you!
997,hello there how are you!
998,hello there how are you!
999,hello there how are you!
1000,hello there how are you!
1001,hello there how are you!
1002,hello there how are you!
1003,hello there how are you!
1004,hello there how are you!
1005,hello there how are you!
1006,hello there how are you!
1007,hello there how are you!
1008,hello there how are you!
1009,hello there how are you!
1010,hello there how are you!
1011,hello there how are you!
1012,hello there how are you!
1013,hello there how are you!
1014,hello there how are you!
1015,hello there how are you!
1016,hello there how are you!
1017,hello there how are you!
1018,hello there how are you!
1019,hello there how are you!
1020,hello there how are you!
1021,hello there how are you!
1022,hello there how are you!
1023,hello there how are you!
1024,hello there how are you!
1025,hello there how are you!
1026,hello there how are you!
1027,hello there how are you!
1028,hello there how are you!
1029,hello there how are you!
1030,hello there how are you!
1031,hello there how are you!
1032,hello there how are you!
1033,hello there how are you!
1034,hello there how are you!
1035,hello there how are you!
1036,hello there how are you!
1037,hello there how are you!
1038,hello there how are you!
1039,hello there how are you!
1040,hello there how are you!
1041,hello there how are you!
1042,hello there how are you!
1043,hello there how are you!
1044,hello there how are you!
1045,hello there how are you!
1046,hello there how are you!
1047,hello there how are you!
1048,hello there how are you!
1049,hello there how are you!
1050,hello there how are you!
1051,hello there how are you!
1052,hello there how are you!
1053,hello there how are you!
1054,hello there how are you!
1055,hello there how are you!
1056,hello there how are you!
1057,hello there how are you!
1058,hello there how are you!
1059,hello there how are you!
1060,hello there how are you!
1061,hello there how are you!
1062,hello there how are you!
1063,hello there how are you!
1064,hello there how are you!
1065,hello there how are you!
1066,hello there how are you!
1067,hello there how are you!
1068,hello there how are you!
1069,hello there how are you!
1070,hello there how are you!
1071,hello there how are you!
1072,hello there how are you!
1073,hello there how are you!
1074,hello there how are you!
1075,hello there how are you!
1076,hello there how are you!
1077,hello there how are you!
1078,hello there how are you!
1079,hello there how are you!
1080,hello there how are you!
1081,hello there how are you!
1082,hello there how are you!
1083,hello there how are you!
1084,hello there how are you!
1085,hello there how are you!
1086,hello there how are you!
1087,hello there how are you!
1088,hello there how are you!
1089,hello there how are you!
1090,hello there how are you!
1091,hello there how are you!
1092,hello there how are you!
1093,hello there how are you!
1094,hello there how are you!
1095,hello there how are you!
1096,hello there how are you!
1097,hello there how are you!
1098,hello there how are you!
1099,hello there how are you!
1100,hello there how are you!
1101,hello there how are you!
1102,hello there how are you!
1103,hello there how are you!
1104,hello there how are you!
1105,hello there how are you!
1106,hello there how are you!
1107,hello there how are you!
1108,hello there how are you!
1109,hello there how are you!
1110,hello there how are you!
1111,hello there how are you!
1112,hello there how are you!
1113,hello there how are you!
1114,hello there how are you!
1115,hello there how are you!
1116,hello there how are you!
1117,hello there how are you!
1118,hello there how are you!
1119,hello there how are you!
1120,hello there how are you!
1121,hello there how are you!
1122,hello there how are you!
1123,hello there how are you!
1124,hello there how are you!
1125,hello there how are you!
1126,hello there how are you!
1127,hello there how are you!
1128,hello there how are you!
1129,hello there how are you!
1130,hello there how are you!
1131,hello there how are you!
